id,image_link
7116480118845,https://ivanvargas-cm.github.io/fauno-catalog/images/7116480118845.jpg
6842519584829,https://ivanvargas-cm.github.io/fauno-catalog/images/6842519584829.jpg
6825897721917,https://ivanvargas-cm.github.io/fauno-catalog/images/6825897721917.jpg
7445423980605,https://ivanvargas-cm.github.io/fauno-catalog/images/7445423980605.jpg
6597131436093,https://ivanvargas-cm.github.io/fauno-catalog/images/6597131436093.jpg
4448650690621,https://ivanvargas-cm.github.io/fauno-catalog/images/4448650690621.jpg
7200066240573,https://ivanvargas-cm.github.io/fauno-catalog/images/7200066240573.jpg
7037085974589,https://ivanvargas-cm.github.io/fauno-catalog/images/7037085974589.jpg
7195655700541,https://ivanvargas-cm.github.io/fauno-catalog/images/7195655700541.jpg
7264202686525,https://ivanvargas-cm.github.io/fauno-catalog/images/7264202686525.jpg
7839493619773,https://ivanvargas-cm.github.io/fauno-catalog/images/7839493619773.jpg
6597132288061,https://ivanvargas-cm.github.io/fauno-catalog/images/6597132288061.jpg
4837945704509,https://ivanvargas-cm.github.io/fauno-catalog/images/4837945704509.jpg
7889266999357,https://ivanvargas-cm.github.io/fauno-catalog/images/7889266999357.jpg
7862224617533,https://ivanvargas-cm.github.io/fauno-catalog/images/7862224617533.jpg
7839493652541,https://ivanvargas-cm.github.io/fauno-catalog/images/7839493652541.jpg
7900831350845,https://ivanvargas-cm.github.io/fauno-catalog/images/7900831350845.jpg
6853416386621,https://ivanvargas-cm.github.io/fauno-catalog/images/6853416386621.jpg
7862477619261,https://ivanvargas-cm.github.io/fauno-catalog/images/7862477619261.jpg
7862367223869,https://ivanvargas-cm.github.io/fauno-catalog/images/7862367223869.jpg
7889242947645,https://ivanvargas-cm.github.io/fauno-catalog/images/7889242947645.jpg
7445431124029,https://ivanvargas-cm.github.io/fauno-catalog/images/7445431124029.jpg
6597132648509,https://ivanvargas-cm.github.io/fauno-catalog/images/6597132648509.jpg
4448673628221,https://ivanvargas-cm.github.io/fauno-catalog/images/4448673628221.jpg
7839493554237,https://ivanvargas-cm.github.io/fauno-catalog/images/7839493554237.jpg
7490697756733,https://ivanvargas-cm.github.io/fauno-catalog/images/7490697756733.jpg
7839493587005,https://ivanvargas-cm.github.io/fauno-catalog/images/7839493587005.jpg
7522091728957,https://ivanvargas-cm.github.io/fauno-catalog/images/7522091728957.jpg
4448661831741,https://ivanvargas-cm.github.io/fauno-catalog/images/4448661831741.jpg
6826446323773,https://ivanvargas-cm.github.io/fauno-catalog/images/6826446323773.jpg
7456938197053,https://ivanvargas-cm.github.io/fauno-catalog/images/7456938197053.jpg
7581464002621,https://ivanvargas-cm.github.io/fauno-catalog/images/7581464002621.jpg
6613964324925,https://ivanvargas-cm.github.io/fauno-catalog/images/6613964324925.jpg
6642848464957,https://ivanvargas-cm.github.io/fauno-catalog/images/6642848464957.jpg
7037075292221,https://ivanvargas-cm.github.io/fauno-catalog/images/7037075292221.jpg
7037087678525,https://ivanvargas-cm.github.io/fauno-catalog/images/7037087678525.jpg
7037087973437,https://ivanvargas-cm.github.io/fauno-catalog/images/7037087973437.jpg
7839493521469,https://ivanvargas-cm.github.io/fauno-catalog/images/7839493521469.jpg
6613963014205,https://ivanvargas-cm.github.io/fauno-catalog/images/6613963014205.jpg
7043837558845,https://ivanvargas-cm.github.io/fauno-catalog/images/7043837558845.jpg
7445425258557,https://ivanvargas-cm.github.io/fauno-catalog/images/7445425258557.jpg
6597129404477,https://ivanvargas-cm.github.io/fauno-catalog/images/6597129404477.jpg
4448642727997,https://ivanvargas-cm.github.io/fauno-catalog/images/4448642727997.jpg
7195584790589,https://ivanvargas-cm.github.io/fauno-catalog/images/7195584790589.jpg
7490698346557,https://ivanvargas-cm.github.io/fauno-catalog/images/7490698346557.jpg
7195671887933,https://ivanvargas-cm.github.io/fauno-catalog/images/7195671887933.jpg
7889290887229,https://ivanvargas-cm.github.io/fauno-catalog/images/7889290887229.jpg
7037088137277,https://ivanvargas-cm.github.io/fauno-catalog/images/7037088137277.jpg
7264207863869,https://ivanvargas-cm.github.io/fauno-catalog/images/7264207863869.jpg
